{
	"data":[{"img":"https://ckimg.baidu.com/course/2012-08/31/c345c59e3ca4a6663cf9abc0881d9b32.jpg","tit":"零基础学C语言程序设计","num":" 49.2万 ","info":"互联网技术就业速成班","price":"免费"},{"img":"https://ckimg.baidu.com/course/2014-12/12/df59bbc97b697c2427ea79676da2efc3.jpg","tit":"Java编程基础","num":" 38.1万 ","info":"互联网技术就业速成班","price":"免费"},{"img":"https://ckimg.baidu.com/course/2014-12/30/493c24c69511abdccd50cc58a86f0e7d.jpg","tit":"[Java]Java基础视频教程(最适合初学者入门)","num":" 58.2万 ","info":"黑马程序员","price":"免费"},{"img":"https://ckimg.baidu.com/course/2014-09/10/1c42adc5dc6ab1ce981471b15c7f17a2.jpg","tit":"C++程序设计","num":" 29.5万 ","info":"互联网技术就业速成班","price":"免费"},{"img":"https://ckimg.baidu.com/course/2014-06/25/855a09f4e8d1ba319521da7da1bf0f3d.jpg","tit":"PHP2小时超音速入门课","num":" 16.0万 ","info":"互联网技术就业速成班","price":"免费"},{"img":"https://ckimg.baidu.com/course/2013-12/19/94354dd2f5b5be0033d3d9af7c24983c.jpg","tit":"Python语言入门课程(第一讲)","num":" 10.0万 ","info":"互联网技术就业速成班","price":"免费"},{"img":"https://ckimg.baidu.com/course/2015-03/02/84f69d862eb11fe7eb81a3ef6caacbd3.jpg","tit":"C语言启蒙——专治各种程序设计入门恐惧症！","num":" 24.4万 ","info":"华科电脑学校","price":"免费"},{"img":"https://ckimg.baidu.com/course/2013-09/03/d55c41bc20f941ceb3044e49433f6bcc.jpg","tit":"零基础学HTML免费课程大全","num":" 11.1万 ","info":"互联网技术就业速成班","price":"免费"},{"img":"https://ckimg.baidu.com/course/2016-07/07/49935b4bd3963aec3e94ddeb75fbac83.jpg","tit":"扣丁学堂html5初级开发视频_jQuery基础","num":" 6.2万 ","info":"扣丁学堂","price":"免费"},{"img":"https://ckimg.baidu.com/course/2016-01/18/39f3b963f9cde1a72494566712dc0ae3.jpg","tit":"0基础学Android全栈课程之Java基础","num":" 28.3万 ","info":"优才学院","price":"免费"},{"img":"https://ckimg.baidu.com/course/2014-02/23/428fe6b7b034cd20467c94bf93b5ef33.jpg","tit":"C语言 c语言 C语言学习指南","num":" 15.1万 ","info":"互联网技术就业速成班","price":"免费"},{"img":"https://ckimg.baidu.com/course/2016-10/19/a8a58e16f31f4649bb755fd1a755eb15.jpg","tit":"java经典全套教程","num":" 30.6万 ","info":"北京尚学堂","price":"免费"},{"img":"https://ckimg.baidu.com/course/2016-09/08/db1349a4025147362aa836ed446fb444.jpg","tit":"JavaEE工程师就业班-基础课(零基础  轻松学)","num":" 6.6万 ","info":"职坐标","price":"<em>¥</em>100"},{"img":"https://ckimg.baidu.com/course/2015-11/18/0fac12a99e4fbd03dfb7190757582115.jpg","tit":"C语言视频教程!C++视频教程!数据结构!MFC项目!Linux![VS2015]","num":" 23.5万 ","info":"鑫路历程","price":"免费"},{"img":"https://ckimg.baidu.com/course/2016-09/08/aacd73bfc6b9010d60e9aec6616e485d.jpg","tit":"PHP工程师就业班-基础课(零基础  轻松学)","num":" 4.6万 ","info":"职坐标","price":"<em>¥</em>1001"},{"img":"https://ckimg.baidu.com/course/2014-05/08/90371be750fb92b3666d8edc7866b22e.jpg","tit":"【后盾网PHP】PHP基础实战教程，php程序员人手一份的圣经","num":" 14.7万 ","info":"后盾网","price":"免费"},{"img":"https://ckimg.baidu.com/course/2016-07/22/c986024e81f0f959d9ba7dc3d90a9a1c.jpg","tit":"python自动化运维零基础入门","num":" 6.3万 ","info":"老男孩linux高薪教育基地","price":"<em>¥</em>9.9"},{"img":"https://ckimg.baidu.com/course/2014-01/13/0e16bd21c76a68f298edf6e33ad69ec8.jpg","tit":"jquery精品实战大课","num":" 6.2万 ","info":"互联网技术就业速成班","price":"免费"},{"img":"https://ckimg.baidu.com/course/2015-01/28/748234ced9e3eda6809be0d2c8b344e3.jpg","tit":"吕鑫：0基础C语言教程(最博大精深的C语言视频教程)共75集","num":" 6.7万 ","info":"鑫路历程","price":"免费"},{"img":"https://ckimg.baidu.com/course/2013-12/14/447993b65c64d2ac3942c30ad3a00796.jpg","tit":"C语言程序源码阅读课","num":" 2.9万 ","info":"互联网技术就业速成班","price":"免费"},{"img":"https://ckimg.baidu.com/course/2014-01/12/c176eb7b1a9aee6713e9f85cb34f3c5a.jpg","tit":"一分钟编写网页播放器","num":" 2.4万 ","info":"互联网技术就业速成班","price":"免费"},{"img":"https://ckimg.baidu.com/course/2016-03/21/c26a768e31007982ba9ec7f10c020ae1.jpg","tit":"Python语言编程入门(二三讲)","num":" 4.2万 ","info":"互联网技术就业速成班","price":"免费"},{"img":"https://ckimg.baidu.com/course/2014-10/15/050e9570bccd96afb1f2cd6a6b84f787.jpg","tit":"[.Net].Net教程net基础全套视频教程","num":" 10.3万 ","info":"黑马程序员","price":"免费"},{"img":"https://ckimg.baidu.com/dxt/1409173659_19407.jpeg","tit":"C++ 类和对象为何物","num":" 1.6万 ","info":"软酷网","price":"免费"},{"img":"https://ckimg.baidu.com/course/2014-01/14/46b7a6f5743f5af9cdb5faeca0481b42.jpg","tit":"php3小时光速入门【2014新版】","num":" 2.3万 ","info":"布尔教育","price":"免费"},{"img":"https://ckimg.baidu.com/course/2014-04/19/390c85c71cb88c13e5048d2a14baa279.jpg","tit":"后盾网ThinkPHP教程","num":" 4.3万 ","info":"后盾网","price":"免费"},{"img":"https://ckimg.baidu.com/course/2016-08/02/faaf00c60292167c193f527a0d7856dc.jpg","tit":"HTML html Html(第二讲)","num":" 1.6万 ","info":"互联网技术就业速成班","price":"免费"},{"img":"https://ckimg.baidu.com/course/2014-07/23/0977ac992038af2ca7014a20b728712a.jpg","tit":"吕鑫：《VC++就业培训宝典之MFC视频教程》共85集","num":" 7.0万 ","info":"鑫路历程","price":"免费"},{"img":"https://ckimg.baidu.com/course/2014-12/27/8b61d9e9d1bb21c5c925c69bf081543c.jpg","tit":"胡博君Java轻松入门全套视频","num":" 3.3万 ","info":"胡博君带你轻松学Java","price":"免费"},{"img":"https://ckimg.baidu.com/course/2012-09/01/bf7ada4600bcaee51580bed5da22ff6b.jpg","tit":"Python语言编程入门(第四讲)","num":" 1.9万 ","info":"互联网技术就业速成班","price":"免费"},{"img":"https://ckimg.baidu.com/course/2016-12/23/b9fd3ff7372b869082fa75c0882195c1.jpg","tit":"手把手教你用WAMP实战PHP","num":" 1.9万 ","info":"互联网技术就业速成班","price":"免费"},{"img":"https://ckimg.baidu.com/course/2016-06/16/41484db17a20314742b12b3915df6dbb.jpg","tit":"python零基础入门10天搞定","num":" 8.9万 ","info":"学点编程吧","price":"免费"},{"img":"https://ckimg.baidu.com/course/2014-01/11/db24870a2b33cdcabbcd42738ddaeba2.jpg","tit":"Python语言编程入门(第六讲)","num":" 1.8万 ","info":"互联网技术就业速成班","price":"免费"},{"img":"https://ckimg.baidu.com/course/2017-02/13/78efce4c10e66d3b77072f9fe236aa77.jpg","tit":"Python 零基础 Python 入门学习 Python","num":" 1.7万 ","info":"互联网技术就业速成班","price":"免费"},{"img":"https://ckimg.baidu.com/course/2013-07/22/203ebf52b72fc14d943f79f4c08269cd.jpg","tit":"魔乐科技 手把手教你学JAVA","num":" 1.7万 ","info":"魔乐科技软件学院","price":"免费"},{"img":"https://ckimg.baidu.com/course/2016-05/14/de49dd95ee568533ade9ddff7a0c5852.jpg","tit":"百度之星程序设计大赛入门秘籍","num":" 8153 ","info":"百度校园","price":"免费"},{"img":"https://ckimg.baidu.com/dxt/1409173659_50335.jpeg","tit":"如何使用JAVA语言操作数据库","num":" 1.4万 ","info":"软酷网","price":"免费"},{"img":"https://ckimg.baidu.com/course/2014-01/14/c610bc6135704619a21867e4dfb6358b.jpg","tit":"PHP3天基础巩固【2014新版】","num":" 1.4万 ","info":"布尔教育","price":"免费"},{"img":"https://ckimg.baidu.com/course/2015-05/14/5edb27d4c32ca3fa3495d9384b4dadd5.jpg","tit":"吕鑫：最博大精深的C++语法与数据结构视频教程(共88集)","num":" 2.3万 ","info":"鑫路历程","price":"免费"},{"img":"https://ckimg.baidu.com/course/2015-09/24/ebe0970bf6a9500953e474eeebbd2d8b.jpg","tit":"php视频教程","num":" 8.3万 ","info":"爱上PHP","price":"免费"},{"img":"https://ckimg.baidu.com/course/2016-09/01/f2ead6ef73f9897b9cc3584093d39f5b.jpg","tit":"JavaSE轻松入门高级教程【柠檬学院】","num":" 2.6万 ","info":"Java资源库","price":"<em>¥</em>199"},{"img":"https://ckimg.baidu.com/course/2013-07/18/d9ce9aea1403785d8ce9e2eb3fe6b171.gif","tit":"魔乐科技JAVAWEB开发实战","num":" 1.3万 ","info":"魔乐科技软件学院","price":"免费"},{"img":"https://ckimg.baidu.com/course/2017-01/17/9152ae0fb84cb116225f6dadc9088b26.jpg","tit":"java基础精讲-拓薪教育","num":" 39.8万 ","info":"拓薪java培训","price":"免费"},{"img":"https://ckimg.baidu.com/course/2014-04/13/11ddccaebc65aed2cbb3c384be48c999.jpg","tit":"初识易语言","num":" 2.2万 ","info":"互联网技术就业速成班","price":"免费"},{"img":"https://ckimg.baidu.com/course/2014-05/15/9f45ed63c1f68259245b0088475aa4de.jpg","tit":"【后盾网PHP】史上效率最高的php框架YII框架详解","num":" 1.6万 ","info":"后盾网","price":"免费"},{"img":"https://ckimg.baidu.com/dxt/1409173742_82186.jpeg","tit":"Python项目实训：网络爬虫","num":" 1.8万 ","info":"智普教育在线课堂","price":"免费"},{"img":"https://ckimg.baidu.com/course/2015-02/04/f96af60a6f4d0c874cef2f3d58758b0e.jpg","tit":"php网站搭建入门","num":" 1.5万 ","info":"源代码教育","price":"免费"},{"img":"https://ckimg.baidu.com/course/2014-06/05/1018931a599709af4a0be2dbab379d6c.jpg","tit":"织梦(dedecms)视频教程(带实战项目)","num":" 3.5万 ","info":"php私房库","price":"免费"},{"img":"https://ckimg.baidu.com/course/2015-01/27/c28eae66e280cb4a705170aae683e17a.jpg","tit":"Python从入门到精通系列课程-基础篇","num":" 4.0万 ","info":"中谷教育","price":"免费"},{"img":"https://ckimg.baidu.com/course/2015-07/23/e22316a38bd12f86be75e2066e5db4f4.jpg","tit":"【限时特惠】PHP及MySQL集群开发工程师之PHP知识","num":" 5463 ","info":"我赢职场","price":"<em>¥</em>59"},{"img":"https://ckimg.baidu.com/dxt/1409173661_43562.jpeg","tit":"Python编程基础","num":" 1.1万 ","info":"智普教育在线课堂","price":"免费"},{"img":"https://ckimg.baidu.com/course/2014-11/30/3b9c2e5993fd442e9628f10b6783bb36.jpg","tit":"天下网校 java移动互联网工程师认证考试【基础班免费看】","num":" 5526 ","info":"天下网校","price":"免费"},{"img":"https://ckimg.baidu.com/course/2015-12/02/0f0e72b84fec1a2dc92454aafa3e97ac.jpg","tit":"Java入门第一季","num":" 1.1万 ","info":"慕课网","price":"免费"},{"img":"https://ckimg.baidu.com/course/2016-10/20/28a9a1e962121428cd5cf2cd26b34381.jpg","tit":"2016年末最新Java入门课程：24小时速成Java","num":" 27.8万 ","info":"优才学院","price":"免费"},{"img":"https://ckimg.baidu.com/course/2013-12/10/174700b7b0d63b6b7e473f83489753f7.jpg","tit":"兄弟连Java视频之Java SE篇  第一季：语法基础","num":" 9337 ","info":"LAMP兄弟连","price":"免费"},{"img":"https://ckimg.baidu.com/course/2015-03/19/2f018aaa379f7bb7dd3c1e9665f40f1d.jpg","tit":"2013年小米主题制作培训教程三之锁屏制作","num":" 4683 ","info":"小米公司培训学校","price":"免费"},{"img":"https://ckimg.baidu.com/course/2015-08/20/dd3e5ec89b437fcfb41cb90d3a0b099d.jpg","tit":"最涨薪的技能-PHP微信接口开发","num":" 1.2万 ","info":"黑马程序员","price":"免费"},{"img":"https://ckimg.baidu.com/dxt/1409173656_72797.jpeg","tit":"MFC框架编写窗口程序","num":" 9675 ","info":"软酷网","price":"免费"},{"img":"https://ckimg.baidu.com/course/2016-01/18/e94ccda920caf3fad124131378a6789f.jpg","tit":"C#完全零基础入门精讲完整版 【优品课堂】","num":" 11.3万 ","info":"优特教育","price":"免费"},{"img":"https://ckimg.baidu.com/course/2015-04/14/948feac3ac5f931566de98b752af4750.jpg","tit":"JSP技术，独家推荐！","num":" 1.6万 ","info":"北京尚学堂","price":"免费"},{"img":"https://ckimg.baidu.com/course/2015-08/18/1993bc8bb846c496a8e003d970959b7d.jpg","tit":"eclipse再见--2小时玩转android studio","num":" 1.3万 ","info":"黑马程序员","price":"免费"},{"img":"https://ckimg.baidu.com/dxt/1409173827_63973.jpeg","tit":"[Java]Javaweb网上图书商城模块设计","num":" 8238 ","info":"黑马程序员","price":"免费"},{"img":"https://ckimg.baidu.com/course/2017-09/07/c0ff5ef5b7de90096c8210b2ffce9554.jpg","tit":"新概念C语言能力教程","num":" 8958 ","info":"品味梦想","price":"免费"},{"img":"https://ckimg.baidu.com/course/2015-02/05/0f73323b659a2f8c873b18fd362baa24.jpg","tit":"易语言从基础到大神之路！","num":" 1.2万 ","info":"学习365","price":"免费"},{"img":"https://ckimg.baidu.com/dxt/1409173656_22181.jpeg","tit":"软件测试执行篇","num":" 1.1万 ","info":"软酷网","price":"免费"},{"img":"https://ckimg.baidu.com/course/2017-05/27/493d995475a23fe2019fbab23b51fe77.jpg","tit":"linux操作系统实战教程","num":" 7229 ","info":"后盾网","price":"免费"},{"img":"https://ckimg.baidu.com/course/2016-03/08/7bdcf735183e4e06fae7f516020f7d58.jpg","tit":"软件测试快速入门","num":" 3.1万 ","info":"互联网技术就业速成班","price":"免费"},{"img":"https://ckimg.baidu.com/course/2015-07/21/c9cedf8c3c029943ad9fc0482b1918de.jpg","tit":"【后盾网PHP】公益公开课！大牛手把手教你php操作excel文件！","num":" 5697 ","info":"后盾网","price":"免费"},{"img":"https://ckimg.baidu.com/course/2016-06/27/9c262b0e3cb7aac4c8fac95f6af006cb.jpg","tit":"Java面试那些题","num":" 3641 ","info":"宅客学院","price":"<em>¥</em>10"},{"img":"https://ckimg.baidu.com/course/2015-02/06/e61e9c719f7a22bb5213dce1228a7976.jpg","tit":"深入浅出MySQL","num":" 2.5万 ","info":"源代码教育","price":"免费"},{"img":"https://ckimg.baidu.com/course/2015-08/20/2bae0303c75e442f59cb1fda9dbc71de.jpg","tit":"HTML5之js特效","num":" 2.1万 ","info":"黑马程序员","price":"免费"},{"img":"https://ckimg.baidu.com/course/2015-08/26/eb0de962d81686f9e4507c86106047a2.jpg","tit":"C语言最新精讲","num":" 1.0万 ","info":"北京尚学堂","price":"免费"},{"img":"https://ckimg.baidu.com/course/2015-02/10/b0e0691f1c7fbc1cec14635b4d678ef7.jpg","tit":"计算机等级考试二级C语言教程-零基础深入解读秘籍","num":" 3630 ","info":"1024训练营[度]","price":"<em>¥</em>0.1"},{"img":"https://ckimg.baidu.com/dxt/1409173767_83154.jpeg","tit":"甲骨文Java入门到精通教程","num":" 6380 ","info":"甲骨文盈佳科技[度]","price":"免费"},{"img":"https://ckimg.baidu.com/course/2014-01/16/dcf1662a2a69987c86a44cc356fd2e1d.jpg","tit":"PHPChina学院PHP零基础课程(全网最细致讲解)","num":" 4292 ","info":"PHPChina在线讲堂","price":"<em>¥</em>4.99"},{"img":"https://ckimg.baidu.com/course/2015-08/20/b319f09fea073c46e1d8bb40276535d3.jpg","tit":"HTML5之CSS3","num":" 2.2万 ","info":"黑马程序员","price":"免费"},{"img":"https://ckimg.baidu.com/dxt/1409173793_89620.jpeg","tit":"[Java]Javaweb图书商城之项目功能","num":" 1.3万 ","info":"黑马程序员","price":"免费"},{"img":"https://ckimg.baidu.com/dxt/1409173831_71162.jpeg","tit":"[Java]网上图书商城后台论文讲解","num":" 5799 ","info":"黑马程序员","price":"免费"},{"img":"https://ckimg.baidu.com/course/2014-04/29/340b6f93c17a9b337953fbe0a4f59a84.jpg","tit":"后盾网PHP-v5课堂(威武课堂)超牛HDPHP框架开发！往期课程录像","num":" 3630 ","info":"后盾网","price":"免费"},{"img":"https://ckimg.baidu.com/course/2015-05/21/1942604f7ec85247c9fcd3fcf22fbf86.jpg","tit":"4个月全程学习，成就你的IT梦想！","num":" 4665 ","info":"北京尚学堂","price":"<em>¥</em>9800"}]
}